hop,type,country,alpha acid min,alpha acid max
Admiral,Bittering Hops,England,13.5,16
Agnus,Bittering Hops,Czech Republic,12,14
Ahil,Aroma Hops,,,
Ahtanum,Aroma Hops,U.S.,5.7,6.3
Alliance,Dual Use Hops,,,
Aalst,Dual Use Hops,Belgium,,
Amallia,Dual Use Hops,,,
Amarillo,Aroma Hops,U.S.,8,11
Amethyst,Aroma Hops,,,
Apollo,Bittering Hops,U.S.,20,21
Apolon,Dual Use Hops,,,
Aquila,Aroma Hops,,,
Aramis,Aroma Hops,,,
Atlas,Aroma Hops,,,
Aurora,Dual Use Hops,,,
Azacca,Dual Use Hops,,,
Backa,Aroma Hops,,,
Banner,Bittering Hops,,,
Bate’s Brewer,Dual Use Hops,,,
Bianca,Aroma Hops,,,
Bitter Gold,Bittering Hops,,,
Blato,Aroma Hops,,,
Blisk,Aroma Hops,,,
Blue Northern Brewer,Dual Use Hops,,,
Boadicea,Aroma Hops,,,
Bobek,Dual Use Hops,Poland,,
BOR,Aroma Hops,Czech Republic,6,9
Bouclier,Dual Use Hops,,,
Bramling,Aroma Hops,,,
Bramling Cross,Dual Use Hops,England,5,7
Bravo,Bittering Hops,,,
Brewer's Gold,Bittering Hops,,,
Brewer,Bittering Hops,,,
Buket,Dual Use Hops,,,
Bullion,Bittering Hops,England,6.5,9
Bullion,Bittering Hops,,,
Buzz Bullets,Dual Use Hops,,,
Calicross,Dual Use Hops,,,
Caliente,Dual Use Hops,,,
California Cluster,Bittering Hops,,,
Calypso,Dual Use Hops,,,
Canadian Redvine,Aroma Hops,,,
Canterbury Whitebine,Aroma Hops,,,
Cascade,Dual Use Hops,U.S.,4.5,6
Cashmere,Dual Use Hops,,,
Cekin,Aroma Hops,,,
Celeia,Aroma Hops,,,
Centennial,Dual Use Hops,U.S.,9.5,11.5
Cerera,Dual Use Hops,,,
Challenger,Dual Use Hops,England,6.5,8.5
Chelan,Bittering Hops,,,
Chinook,Dual Use Hops,U.S.,12,14
Cicero,Dual Use Hops,,,
Citra,Dual Use Hops,U.S.,11,13
Cluster,Dual Use Hops,U.S.,5.5,8.5
Cobb,Aroma Hops,,,
Coigneau,Dual Use Hops,Belgium,,
Columbia,Aroma Hops,,,
Columbus,Dual Use Hops,U.S.,14,18
Comet,Bittering Hops,,,
Crystal,Aroma Hops,U.S.,3.5,5.5
Dana,Aroma Hops,,,
Defender,Aroma Hops,,,
Delta,Dual Use Hops,,,
Density,Aroma Hops,,,
Dr Rudi,Dual Use Hops,,,
Dunav,Aroma Hops,,,
Early Bird,Aroma Hops,,,
Early Green,Aroma Hops,,,
Early Prolific,Aroma Hops,,,
Early Promise,Aroma Hops,,,
East Kent Golding,Aroma Hops,,,
Eastern Gold,Bittering Hops,,,
Eastern Green,Aroma Hops,,,
Eastwell Golding,Aroma Hops,,,
El Dorado,Aroma Hops,,,
Ella,Aroma Hops,,,
Elsaesser,Aroma Hops,,,
Enigma,Aroma Hops,Australia,16.7,19.4
Equinox,Aroma Hops,,,
Eroica,Bittering Hops,U.S.,9,12
Eureka,Dual Use Hops,,,
Falconer’s Flight,Dual Use Hops,,,
Fantasia,Dual Use Hops,,,
Feux,Bittering Hops,Australia,12,16
First Choice,Aroma Hops,,,
First Gold,Dual Use Hops,England,6.5,8.5
Fuggle,Aroma Hops,England,4,5.5
Furano Ace,Aroma Hops,,,
Galaxy,Dual Use Hops,,,
Galena,Bittering Hops,U.S.,12,14
Gargoyle,Aroma Hops,,,
Glacier,Dual Use Hops,U.S.,5.5,0
Golden Star,Aroma Hops,,,
Golding,Dual Use Hops,England,4,5.5
Green Bullet,Dual Use Hops,New Zealand,11,14
Greensburg,Dual Use Hops,,,
Groene Bel,Aroma Hops,,,
Hallertau,Aroma Hops,Germany,3.5,5.5
Hallertau Blanc,Aroma Hops,,,
Hallertauer,Aroma Hops,Germany,3.5,5.5
Hallertauer Gold,Aroma Hops,,,
Hallertauer Taurus,Dual Use Hops,,,
Hallertauer Tradition,Aroma Hops,,,
Helga,Aroma Hops,,,
Herald,Dual Use Hops,England,11,13
Herkules,Dual Use Hops,Germany,12,17
Hersbrucker,Aroma Hops,Germany,3,5.5
Hersbrucker Pure,Aroma Hops,,,
Hersbrucker Red-Stem,Aroma Hops,,,
Horizon,Dual Use Hops,U.S.,11,13
Hüll Melon,Aroma Hops,Germany,6.5,8.5
Huell Melon,Aroma Hops,Germany,6.5,8.5
Hüller Bitterer,Dual Use Hops,Germany,,
Hueller Bitterer,Dual Use Hops,Germany,,
Hybrid,Aroma Hops,,,
Iunga,Bittering Hops,Poland,10,10
Ivanhoe,Aroma Hops,,,
Janus,Aroma Hops,,,
Jester,Aroma Hops,,,
Junga,Bittering Hops,Poland,10,10
Keyworth’s Early,Aroma Hops,,,
Keyworth’s Midseason,Aroma Hops,,,
Kirin II,Dual Use Hops,,,
Kitamidori,Bittering Hops,,,
Kohatu,Aroma Hops,,,
Landhopfen,Aroma Hops,,,
Legacy,Dual Use Hops,,,
Liberty,Aroma Hops,U.S.,3,5
Lublin,Aroma Hops,Poland,,
Lubelska,Aroma Hops,Poland,,
Lubelska-Pulawy,Aroma Hops,Poland,,
Lucan,Aroma Hops,,,
Magnum,Bittering Hops,Germany,11,16
Mandarina Bavaria,Aroma Hops,,,
Marynka,Dual Use Hops,,,
Mathon,Aroma Hops,,,
Melba,Dual Use Hops,,,
Merkur,Dual Use Hops,Germany,3.5,7
Millennium,Bittering Hops,U.S.,15.5,0
Mosaic,Dual Use Hops,,,
Motueka,Aroma Hops,New Zealand,6.5,7.5
Mount Hood,Aroma Hops,U.S.,5,8
Mount Rainier,Aroma Hops,U.S.,6,0
MultiHead,Dual Use Hops,,,
Nadwislanska,Aroma Hops,,,
Nelson Sauvin,Dual Use Hops,New Zealand,12,14
Neo1,Dual Use Hops,,,
Neoplanta,Dual Use Hops,,,
Newport,Bittering Hops,U.S.,10,17
New Zealand Cascade,Dual Use Hops,New Zealand,6,8
Nordgaard,Aroma Hops,,,
Northdown,Dual Use Hops,England,7.5,9.5
Northern Brewer,Dual Use Hops,England,8,10[17]
Nowotomyski,Aroma Hops,Poland,2.5,4
Nugget,Dual Use Hops,U.S.,12,14
Olympic,Aroma Hops,,,
Omega,Aroma Hops,,,
Opal,Dual Use Hops,Germany,3.5,5.5
Orbit,Dual Use Hops,,,
Orion,Dual Use Hops,,,
Outeniqua,Bittering Hops,,,
Pacific Gem,Bittering Hops,New Zealand,14,16
Pacific Jade,Aroma Hops,New Zealand,12,14
Pacific Sunrise,Bittering Hops,,,
Pacifica,Aroma Hops,New Zealand,5,6
Palisade,Aroma Hops,U.S.,6,10
Perle,Dual Use Hops,Germany,6,10
Petham Golding,Aroma Hops,,,
Phoenix,Dual Use Hops,England,9,13
Pilgrim,Dual Use Hops,England,9,13
Pilot,Bittering Hops,England,9,12
Pioneer,Dual Use Hops,England,8,10
Pocket Talisman,Aroma Hops,,,
Polaris,Dual Use Hops,,,
Poperinge,Dual Use Hops,Belgium,,
Precoce de Bourgogne,Aroma Hops,,,
Premiant,Aroma Hops,Czech Republic,7,10
Pride of Kent,Dual Use Hops,,,
Pride of Ringwood,Bittering Hops,Australia,7,10
Progress,Aroma Hops,England,5,7
Rakau,Dual Use Hops,,,
Record,Aroma Hops,,,
Red Earth,Aroma Hops,,,
Riwaka,Aroma Hops,New Zealand,4.5,6.5
Saaz,Aroma Hops,Czech Republic,3,4.5
San Juan Ruby Red,Dual Use Hops,U.S.,,
Santiam,Aroma Hops,U.S.,5,7
Saphir,Aroma Hops,Germany,2,4.5
Satus,Bittering Hops,U.S.,12.5,14
Saxon,Aroma Hops,,,
Serebrianka,Aroma Hops,,,
Shinshuwase,Aroma Hops,,,
Simcoe,Dual Use Hops,U.S.,12,14
Sladek,Aroma Hops,Czech Republic,4.5,8
Smaragd,Dual Use Hops,Germany,3.5,5.5
Smooth Cone,Dual Use Hops,,,
Sonnet,Aroma Hops,,,
Sorachi Ace,Bittering Hops,Japan,10,16
Southern Brewer,Bittering Hops,,,
Southern Cross,Dual Use Hops,New Zealand,11,14
Southern Promise,Dual Use Hops,,,
Southern Star,Bittering Hops,,,
Sovereign,Bittering Hops,,,
Spalt,Aroma Hops,Germany,4,5
Spalter Select,Aroma Hops,,,
Star,Aroma Hops,,,
Sterling,Dual Use Hops,U.S.,6,9
Sticklebract,Dual Use Hops,,,
Strisselspalt,Aroma Hops,France,3,5
Styrian Gold,Dual Use Hops,,,
Styrian Golding,Aroma Hops,,,
Styrian Wolf,Dual Use Hops,,,
Summer,Aroma Hops,,,
Summit,Bittering Hops,U.S.,17,19
Sun,Aroma Hops,,,
Sunbeam,Aroma Hops,,,
Sunshine,Aroma Hops,,,
Super Pride,Bittering Hops,,,
Super Alpha,Dual Use Hops,New Zealand,10,12
Super Galena,Aroma Hops,U.S.,13,16
Sussex,Aroma Hops,,,
Sybilla,Dual Use Hops,Poland,6,6
Sylva,Aroma Hops,,,
Symphony,Bittering Hops,,,
Tahoma,Aroma Hops,,,
Talisman,Dual Use Hops,,,
Tardif de Bourgogne,Aroma Hops,France,3.1,5.5
Target,Dual Use Hops,England,9.5,12.5
Teamaker,Aroma Hops,,,
Tettnanger,Aroma Hops,,,
Tettnanger,Dual Use Hops,,,
Tettnanger A,Aroma Hops,,,
Tettnanger B,Aroma Hops,,,
Tillicum,Bittering Hops,,,
Tolhurst,Aroma Hops,,,
Tomahawk,Bittering Hops,U.S.,15,17
Tomyski,Aroma Hops,Poland,2.5,4
Topaz,Aroma Hops,,,
Toyomidori,Bittering Hops,,,
Tradition,Aroma Hops,Germany,4.6,7
Triskel,Aroma Hops,,,
Ultra,Aroma Hops,U.S.,4.5,5
Universal,Dual Use Hops,,,
Vanguard,Aroma Hops,U.S.,5.5,6
Vic Secret,Dual Use Hops,,,
Viking,Aroma Hops,,,
Vital,Dual Use Hops,Czech Republic,12,16
Vojvodina,Aroma Hops,,,
Wai-iti,Aroma Hops,,,
Waimea,Dual Use Hops,New Zealand,16,19
Wakatu,Dual Use Hops,,,
Warrior,Bittering Hops,U.S.,15,17
Whitbread Golding,Dual Use Hops,England,5,7.5
Willamette,Aroma Hops,U.S.,4,6
Willow Creek,Dual Use Hops,,,
Wuerttemberger,Aroma Hops,,,
Yakima Cluster,Bittering Hops,,,
Yakima Gold,Dual Use Hops,,,
Yeoman,Dual Use Hops,,,
Zenith,Bittering Hops,,,
Zeus,Bittering Hops,U.S.,15,0
Zlatan,Aroma Hops,,,
Zythos,Aroma Hops,,,